h3,czas_przystanek_min,czas_szkola_min,czas_przychodnia_min
891e24a1003ffff,27.1,49.1,57.1
891e24a1007ffff,32.0,53.7,60.9
891e24a100bffff,22.3,44.1,51.7
891e24a100fffff,27.4,48.9,55.6
891e24a1013ffff,27.9,49.8,58.9
891e24a1017ffff,32.2,54.1,62.4
891e24a101bffff,22.7,44.6,53.6
891e24a1023ffff,38.1,59.0,64.2
891e24a102bffff,34.1,54.5,59.2
891e24a102fffff,39.7,59.8,63.9
891e24a1033ffff,37.1,58.6,65.0
891e24a103bffff,32.7,53.9,59.8
891e24a1043ffff,12.6,34.4,42.8
891e24a1047ffff,17.7,39.2,46.4
891e24a104bffff,8.2,29.5,37.5
891e24a104fffff,13.8,34.5,41.1
891e24a1053ffff,13.4,35.2,45.1
891e24a1057ffff,17.5,39.5,48.2
891e24a105bffff,8.1,30.0,39.7
891e24a1063ffff,25.0,44.9,49.6
891e24a1067ffff,30.7,50.2,54.2
891e24a106bffff,22.2,40.7,44.6
891e24a106fffff,27.8,46.1,49.3
891e24a1073ffff,23.1,44.2,50.4
891e24a1077ffff,28.6,49.3,54.7
891e24a107bffff,19.4,39.6,45.2
891e24a1083ffff,34.9,56.3,66.5
891e24a1087ffff,38.4,60.2,69.6
891e24a108bffff,29.5,51.0,61.2
891e24a108fffff,33.2,55.0,64.3
891e24a1093ffff,37.3,58.1,69.1
891e24a1097ffff,40.3,61.6,71.9
891e24a109bffff,31.9,52.7,63.7
891e24a10abffff,36.8,58.7,66.2
891e24a10bbffff,37.3,59.2,67.7
891e24a10c3ffff,21.3,42.0,53.1
891e24a10c7ffff,24.2,45.7,55.8
891e24a10cbffff,16.0,36.7,47.8
891e24a10cfffff,18.8,40.4,50.4
891e24a10d3ffff,24.7,44.2,56.1
891e24a10d7ffff,26.6,47.4,58.4
891e24a10dbffff,19.7,38.8,50.8
891e24a1203ffff,13.7,19.2,20.3
891e24a1207ffff,17.9,24.8,25.1
891e24a120bffff,11.2,17.6,15.4
891e24a120fffff,16.7,22.8,20.5
891e24a1213ffff,11.8,16.5,21.4
891e24a1217ffff,12.7,22.1,25.4
891e24a121bffff,8.1,13.6,16.1
891e24a1223ffff,26.0,33.7,31.3
891e24a1227ffff,29.8,39.2,36.8
891e24a122bffff,23.7,32.1,27.6
891e24a122fffff,28.6,37.5,33.2
891e24a1233ffff,20.9,30.4,30.2
891e24a1237ffff,24.8,36.0,35.4
891e24a123bffff,22.2,28.2,25.8
891e24a1243ffff,8.0,13.8,5.7
891e24a1247ffff,10.9,17.5,10.9
891e24a124bffff,9.6,16.7,2.4
891e24a124fffff,7.9,19.0,7.6
891e24a1253ffff,3.3,8.6,7.8
891e24a1257ffff,6.0,12.6,10.8
891e24a125bffff,7.8,11.7,3.1
891e24a1263ffff,14.0,26.7,18.8
891e24a1267ffff,18.9,31.4,24.5
891e24a126bffff,9.2,27.6,16.9
891e24a126fffff,14.6,31.6,22.2
891e24a1273ffff,15.2,22.0,16.4
891e24a1277ffff,19.1,27.0,22.0
891e24a127bffff,9.9,22.5,13.2
891e24a1283ffff,2.9,19.8,29.0
891e24a1287ffff,5.8,24.8,32.1
891e24a128bffff,8.2,15.1,23.6
891e24a128fffff,7.6,20.3,26.8
891e24a1293ffff,3.6,20.7,31.9
891e24a1297ffff,2.9,24.8,34.3
891e24a129bffff,6.8,15.4,26.7
891e24a12a3ffff,15.3,31.2,35.0
891e24a12a7ffff,20.4,36.8,39.6
891e24a12abffff,15.7,27.7,29.9
891e24a12afffff,19.9,33.3,34.8
891e24a12b3ffff,11.1,29.9,35.9
891e24a12b7ffff,16.6,35.3,40.0
891e24a12bbffff,10.7,25.7,30.6
891e24a12c3ffff,5.7,5.4,16.6
891e24a12c7ffff,7.8,10.9,18.3
891e24a12cbffff,3.4,3.4,11.9
891e24a12cfffff,2.7,8.2,13.0
891e24a12d3ffff,10.5,6.7,20.9
891e24a12d7ffff,10.5,10.2,21.6
891e24a12dbffff,8.2,1.9,16.7
891e24a1303ffff,44.4,58.6,57.2
891e24a1307ffff,49.6,64.2,62.7
891e24a130bffff,43.5,56.0,53.5
891e24a130fffff,48.6,61.6,59.1
891e24a1313ffff,40.4,55.9,55.7
891e24a1317ffff,45.8,61.5,61.1
891e24a131bffff,39.2,52.9,51.7
891e24a1323ffff,59.0,72.8,70.3
891e24a132bffff,58.0,70.4,66.9
891e24a132fffff,63.1,76.0,72.6
891e24a1333ffff,55.0,69.8,68.2
891e24a133bffff,53.7,67.2,64.7
891e24a1343ffff,38.9,48.3,44.4
891e24a1347ffff,43.4,53.8,50.0
891e24a134bffff,35.0,46.8,41.4
891e24a134fffff,40.5,52.1,47.0
891e24a1353ffff,34.0,44.8,42.3
891e24a1357ffff,38.7,50.4,47.9
891e24a135bffff,33.8,42.9,38.8
891e24a1363ffff,51.6,62.9,58.3
891e24a1367ffff,57.2,68.4,63.9
891e24a136bffff,48.2,61.4,55.6
891e24a136fffff,53.8,66.7,61.2
891e24a1373ffff,48.1,59.3,55.7
891e24a1377ffff,53.0,64.9,61.3
891e24a137bffff,46.1,57.5,52.6
891e24a1383ffff,39.0,57.2,59.3
891e24a1387ffff,44.6,62.7,64.4
891e24a138bffff,36.7,53.5,54.7
891e24a138fffff,42.2,59.1,60.0
891e24a1393ffff,36.3,55.6,59.0
891e24a1397ffff,41.9,61.1,63.9
891e24a139bffff,33.4,51.6,54.2
891e24a13abffff,51.3,67.1,66.6
891e24a13bbffff,47.8,64.8,65.3
891e24a13c3ffff,29.8,44.6,45.1
891e24a13c7ffff,35.0,50.2,50.4
891e24a13cbffff,29.3,41.7,40.8
891e24a13cfffff,34.1,47.3,46.2
891e24a13d3ffff,25.7,42.4,44.5
891e24a13d7ffff,31.2,47.9,49.6
891e24a13dbffff,24.7,39.0,39.9
891e24a142bffff,40.2,60.3,71.9
891e24a142fffff,42.6,63.4,74.4
891e24a1443ffff,38.1,49.3,65.9
891e24a1447ffff,37.4,53.2,66.7
891e24a144bffff,34.5,44.3,61.2
891e24a144fffff,33.2,48.1,61.8
891e24a145bffff,39.6,44.9,65.5
891e24a1463ffff,33.5,52.1,64.6
891e24a1467ffff,35.0,54.9,66.6
891e24a146bffff,28.6,46.8,59.4
891e24a146fffff,29.8,49.5,61.3
891e24a1473ffff,37.5,55.1,68.0
891e24a1477ffff,38.5,57.4,69.8
891e24a147bffff,32.9,49.8,63.0
891e24a1603ffff,22.5,28.6,43.2
891e24a1607ffff,18.7,29.2,43.3
891e24a160bffff,22.4,24.3,39.1
891e24a160fffff,17.6,24.3,38.7
891e24a1613ffff,27.5,29.9,47.9
891e24a1617ffff,23.9,33.2,47.7
891e24a161bffff,24.9,25.6,43.9
891e24a1623ffff,10.9,28.1,40.5
891e24a1627ffff,10.9,31.3,42.5
891e24a162bffff,8.4,22.7,35.4
891e24a162fffff,6.1,26.0,37.2
891e24a1633ffff,16.0,30.9,44.1
891e24a1637ffff,15.0,33.4,45.6
891e24a163bffff,13.5,25.6,39.2
891e24a1643ffff,14.3,18.7,36.9
891e24a1647ffff,17.1,20.4,35.2
891e24a164bffff,9.2,16.8,34.2
891e24a164fffff,11.8,17.4,31.8
891e24a1653ffff,18.0,16.2,42.1
891e24a1657ffff,19.6,21.8,40.2
891e24a165bffff,13.4,13.1,39.4
891e24a1663ffff,14.6,15.4,29.8
891e24a1667ffff,9.0,17.3,30.4
891e24a166bffff,15.6,10.7,25.5
891e24a166fffff,12.2,12.0,25.5
891e24a1673ffff,18.2,19.7,34.3
891e24a1677ffff,13.0,20.5,34.4
891e24a167bffff,16.1,15.5,30.3
891e24a1683ffff,34.2,34.6,56.8
891e24a1687ffff,31.4,39.3,56.6
891e24a168bffff,32.6,29.7,52.7
891e24a168fffff,29.1,34.5,52.2
891e24a1693ffff,39.4,35.5,61.5
891e24a1697ffff,36.6,39.7,61.1
891e24a169bffff,36.8,30.3,57.5
891e24a16a3ffff,24.5,39.4,53.0
891e24a16a7ffff,23.9,41.5,54.3
891e24a16abffff,21.1,34.3,48.1
891e24a16afffff,19.6,36.2,49.2
891e24a16b3ffff,29.5,43.0,57.0
891e24a16b7ffff,28.5,44.6,57.9
891e24a16bbffff,26.3,38.1,52.3
891e24a16c3ffff,26.9,20.0,50.3
891e24a16c7ffff,28.1,24.8,48.8
891e24a16cbffff,22.3,15.1,47.2
891e24a16cfffff,23.0,20.3,45.2
891e24a16d3ffff,31.3,21.1,55.4
891e24a16d7ffff,31.8,25.1,53.7
891e24a16dbffff,27.0,15.8,52.4
891e24aa003ffff,20.5,27.3,14.1
891e24aa007ffff,19.5,21.8,9.9
891e24aa00bffff,25.7,31.3,15.0
891e24aa00fffff,24.2,26.1,9.6
891e24aa013ffff,17.5,29.3,18.9
891e24aa017ffff,15.4,23.7,15.1
891e24aa01bffff,22.9,32.8,19.0
891e24aa023ffff,20.6,16.3,4.2
891e24aa027ffff,15.2,12.4,8.7
891e24aa02bffff,24.8,21.5,1.2
891e24aa02fffff,19.6,17.8,5.1
891e24aa033ffff,17.7,16.4,8.0
891e24aa037ffff,15.5,11.3,9.6
891e24aa03bffff,23.1,21.0,4.8
891e24aa043ffff,33.6,41.0,23.2
891e24aa047ffff,30.9,35.8,17.6
891e24aa04bffff,39.0,45.5,26.8
891e24aa04fffff,36.2,40.4,21.3
891e24aa053ffff,31.6,42.2,26.1
891e24aa057ffff,28.2,36.7,20.5
891e24aa05bffff,36.9,46.3,28.9
891e24aa063ffff,33.1,31.0,10.8
891e24aa067ffff,29.3,26.8,6.5
891e24aa06bffff,38.0,36.1,15.8
891e24aa06fffff,34.1,32.1,11.9
891e24aa073ffff,29.2,30.7,12.0
891e24aa077ffff,28.4,25.9,6.4
891e24aa07bffff,34.2,35.6,15.9
891e24aa083ffff,10.6,30.0,25.5
891e24aa087ffff,6.8,24.6,22.9
891e24aa08bffff,15.7,32.1,23.9
891e24aa08fffff,12.1,26.5,20.3
891e24aa093ffff,11.5,33.9,30.7
891e24aa097ffff,5.9,28.7,28.1
891e24aa09bffff,15.6,35.5,29.0
891e24aa0a3ffff,10.8,15.4,16.9
891e24aa0a7ffff,7.0,9.9,17.8
891e24aa0abffff,15.1,18.1,12.8
891e24aa0afffff,12.3,12.5,12.7
891e24aa0b3ffff,6.6,19.3,21.5
891e24aa0b7ffff,6.2,14.3,21.6
891e24aa0bbffff,10.5,20.9,17.8
891e24aa0c3ffff,25.2,40.6,28.4
891e24aa0c7ffff,21.0,35.0,23.5
891e24aa0cbffff,30.3,44.0,29.6
891e24aa0cfffff,26.3,38.4,24.2
891e24aa0d3ffff,25.3,43.4,32.9
891e24aa0d7ffff,20.3,37.7,28.2
891e24aa0dbffff,30.0,46.2,33.6
891e24aa103ffff,5.4,14.1,19.8
891e24aa107ffff,11.0,19.3,19.4
891e24aa10bffff,5.0,14.2,24.9
891e24aa10fffff,9.2,18.5,23.9
891e24aa113ffff,5.3,10.2,16.5
891e24aa117ffff,9.5,15.9,14.9
891e24aa11bffff,0.3,9.2,21.8
891e24aa123ffff,14.6,28.6,25.6
891e24aa127ffff,16.4,34.0,28.2
891e24aa12bffff,18.6,27.9,29.0
891e24aa12fffff,19.5,32.9,30.8
891e24aa133ffff,9.9,24.8,20.5
891e24aa137ffff,11.2,30.3,23.0
891e24aa13bffff,14.4,23.5,24.1
891e24aa143ffff,10.8,14.7,16.3
891e24aa147ffff,8.9,16.2,21.9
891e24aa14bffff,16.2,19.2,14.4
891e24aa14fffff,13.8,19.5,19.7
891e24aa153ffff,9.9,10.3,14.1
891e24aa157ffff,5.5,11.0,19.6
891e24aa15bffff,14.8,15.3,10.7
891e24aa163ffff,15.4,24.4,30.7
891e24aa167ffff,18.9,28.3,32.9
891e24aa16bffff,18.4,26.6,29.0
891e24aa16fffff,20.6,29.6,34.3
891e24aa173ffff,10.2,19.3,27.6
891e24aa177ffff,13.9,23.3,28.3
891e24aa17bffff,13.5,21.4,25.2
891e24aa183ffff,10.8,13.0,9.0
891e24aa187ffff,9.1,17.9,6.0
891e24aa18bffff,9.0,8.2,14.3
891e24aa18fffff,10.7,13.5,11.2
891e24aa193ffff,6.3,14.4,9.5
891e24aa197ffff,7.7,16.1,4.1
891e24aa19bffff,11.1,9.1,13.8
891e24aa1a3ffff,1.0,24.6,12.6
891e24aa1a7ffff,5.7,29.4,16.5
891e24aa1abffff,6.3,21.5,15.5
891e24aa1afffff,6.0,27.1,17.8
891e24aa1b3ffff,4.4,21.7,7.5
891e24aa1b7ffff,4.5,24.2,11.8
891e24aa1bbffff,5.8,19.1,10.5
891e24aa1c3ffff,9.7,1.7,18.7
891e24aa1c7ffff,5.4,4.7,19.6
891e24aa1cbffff,11.5,7.1,13.5
891e24aa1cfffff,5.9,6.0,18.4
891e24aa1d3ffff,6.6,4.9,20.3
891e24aa1d7ffff,10.1,3.7,18.6
891e24aa1dbffff,10.7,6.9,14.9
891e24aa223ffff,54.4,53.4,33.4
891e24aa227ffff,50.3,50.0,30.6
891e24aa22fffff,55.5,55.4,36.0
891e24aa233ffff,53.2,51.8,31.5
891e24aa237ffff,49.2,48.0,28.0
891e24aa287ffff,44.3,50.1,30.8
891e24aa297ffff,42.3,50.6,32.3
891e24aa2a3ffff,44.6,45.6,25.3
891e24aa2a7ffff,43.0,41.3,20.9
891e24aa2abffff,49.9,50.7,30.4
891e24aa2afffff,48.0,46.5,26.2
891e24aa2b3ffff,41.6,45.2,25.5
891e24aa2b7ffff,39.4,40.5,20.5
891e24aa2bbffff,46.9,50.2,30.2
891e24aa303ffff,34.9,37.9,24.3
891e24aa307ffff,32.7,37.1,26.5
891e24aa30bffff,40.2,42.9,28.1
891e24aa30fffff,37.9,41.8,29.4
891e24aa313ffff,32.3,34.3,19.3
891e24aa317ffff,29.5,33.0,21.3
891e24aa31bffff,37.7,39.5,23.4
891e24aa323ffff,35.7,41.9,34.8
891e24aa327ffff,35.9,43.1,38.5
891e24aa32bffff,40.4,46.1,36.9
891e24aa32fffff,40.2,46.8,40.0
891e24aa333ffff,31.5,37.2,29.6
891e24aa337ffff,31.3,38.1,33.4
891e24aa33bffff,36.4,41.5,31.7
891e24aa343ffff,48.4,50.0,32.6
891e24aa347ffff,45.5,48.1,32.3
891e24aa353ffff,46.5,47.1,28.7
891e24aa357ffff,43.1,44.7,27.8
891e24aa35bffff,51.8,52.5,33.8
891e24aa373ffff,43.2,46.7,32.9
891e24aa377ffff,41.4,46.0,34.5
891e24aa383ffff,25.2,25.8,11.0
891e24aa387ffff,21.6,24.1,14.3
891e24aa38bffff,30.5,31.1,14.5
891e24aa38fffff,27.0,29.1,16.1
891e24aa393ffff,24.4,23.2,5.8
891e24aa397ffff,20.0,20.5,9.4
891e24aa39bffff,29.5,28.5,10.0
891e24aa3a3ffff,22.6,28.3,23.5
891e24aa3a7ffff,22.4,29.6,28.2
891e24aa3abffff,27.6,32.6,24.5
891e24aa3afffff,26.8,33.1,28.4
891e24aa3b3ffff,19.0,23.6,18.8
891e24aa3b7ffff,17.8,24.5,23.8
891e24aa3bbffff,24.2,28.2,19.4
891e24aa3c3ffff,39.8,39.3,20.1
891e24aa3c7ffff,35.8,36.4,18.9
891e24aa3cbffff,45.0,44.7,25.3
891e24aa3cfffff,41.1,41.8,23.7
891e24aa3d3ffff,39.1,37.4,17.3
891e24aa3d7ffff,34.6,33.9,14.9
891e24aa3dbffff,44.1,42.7,22.7
891e24aa403ffff,27.6,38.6,49.5
891e24aa407ffff,22.7,34.3,46.3
891e24aa40bffff,28.9,43.7,48.1
891e24aa40fffff,23.5,39.6,44.4
891e24aa413ffff,32.1,38.2,54.7
891e24aa417ffff,27.4,33.5,51.5
891e24aa41bffff,32.8,43.1,53.1
891e24aa423ffff,13.3,32.8,38.4
891e24aa427ffff,9.1,30.4,36.4
891e24aa42bffff,14.3,38.1,35.9
891e24aa42fffff,8.9,33.1,33.2
891e24aa433ffff,18.1,30.6,43.6
891e24aa437ffff,14.3,27.5,41.4
891e24aa43bffff,18.2,35.9,41.1
891e24aa443ffff,36.7,53.2,51.6
891e24aa447ffff,31.1,48.9,47.2
891e24aa44bffff,39.6,58.3,51.7
891e24aa44fffff,34.0,54.1,46.9
891e24aa453ffff,39.9,52.8,56.4
891e24aa457ffff,34.4,48.1,52.1
891e24aa45bffff,42.3,57.7,56.3
891e24aa463ffff,22.7,44.6,38.0
891e24aa467ffff,17.1,39.2,34.1
891e24aa46bffff,26.3,46.5,37.5
891e24aa46fffff,20.9,41.0,33.1
891e24aa473ffff,25.5,44.9,43.0
891e24aa477ffff,19.9,41.3,39.2
891e24aa47bffff,28.3,50.1,42.3
891e24aa483ffff,37.2,34.2,61.9
891e24aa487ffff,33.3,28.9,59.1
891e24aa48bffff,36.7,38.5,59.8
891e24aa48fffff,32.2,33.4,56.7
891e24aa493ffff,42.2,35.7,67.1
891e24aa497ffff,38.4,30.1,64.3
891e24aa49bffff,41.5,39.6,65.0
891e24aa4a3ffff,24.7,23.9,51.6
891e24aa4a7ffff,22.2,19.9,49.8
891e24aa4abffff,23.1,29.1,48.7
891e24aa4afffff,19.5,25.2,46.5
891e24aa4b3ffff,29.9,23.7,56.8
891e24aa4b7ffff,27.3,18.9,54.2
891e24aa4bbffff,28.2,28.5,53.9
891e24aa4c3ffff,42.2,48.2,62.1
891e24aa4c7ffff,37.1,43.1,58.2
891e24aa4cbffff,43.5,52.8,61.3
891e24aa4cfffff,38.1,47.9,57.1
891e24aa4d7ffff,41.5,43.8,63.4
891e24aa503ffff,9.9,20.6,25.9
891e24aa507ffff,9.0,15.1,21.1
891e24aa50bffff,12.0,22.8,27.1
891e24aa50fffff,12.1,19.2,21.7
891e24aa513ffff,8.2,20.7,30.5
891e24aa517ffff,4.6,17.6,25.9
891e24aa51bffff,13.3,24.4,31.1
891e24aa523ffff,2.8,9.7,11.8
891e24aa527ffff,5.6,7.2,8.2
891e24aa52bffff,4.1,15.0,12.4
891e24aa52fffff,2.6,12.2,7.1
891e24aa533ffff,7.9,9.6,16.7
891e24aa537ffff,7.5,4.4,13.4
891e24aa53bffff,6.9,14.1,16.5
891e24aa543ffff,4.1,24.0,30.4
891e24aa547ffff,9.0,20.3,29.1
891e24aa54bffff,1.6,23.7,26.4
891e24aa54fffff,5.8,19.1,25.8
891e24aa553ffff,7.4,29.0,35.1
891e24aa557ffff,9.4,25.5,32.5
891e24aa55bffff,4.0,28.4,31.3
891e24aa563ffff,3.9,12.6,20.7
891e24aa567ffff,8.8,12.3,15.1
891e24aa56bffff,1.7,10.0,23.0
891e24aa56fffff,5.6,7.7,19.0
891e24aa573ffff,7.2,17.7,23.5
891e24aa577ffff,9.2,16.6,18.0
891e24aa57bffff,4.0,15.2,26.4
891e24aa583ffff,7.9,12.8,35.8
891e24aa587ffff,4.6,16.6,32.1
891e24aa58bffff,9.5,15.7,35.2
891e24aa58fffff,3.9,18.0,30.8
891e24aa593ffff,12.8,7.6,40.9
891e24aa597ffff,9.6,11.8,37.3
891e24aa59bffff,13.0,10.8,40.0
891e24aa5a3ffff,7.4,10.8,23.8
891e24aa5a7ffff,13.0,7.0,21.6
891e24aa5abffff,6.3,12.0,21.8
891e24aa5afffff,11.0,6.5,18.6
891e24aa5b3ffff,6.5,15.7,29.0
891e24aa5b7ffff,11.3,12.2,26.7
891e24aa5bbffff,1.7,15.8,27.0
891e24aa5c3ffff,16.3,20.2,40.4
891e24aa5c7ffff,13.3,19.7,35.4
891e24aa5cbffff,12.1,25.3,40.0
891e24aa5cfffff,12.3,24.2,36.3
891e24aa5d3ffff,20.8,16.8,44.8
891e24aa5d7ffff,15.2,15.2,39.9
891e24aa5dbffff,17.1,22.1,44.9
891e24aa623ffff,39.9,53.2,37.3
891e24aa627ffff,35.5,47.7,31.7
891e24aa62fffff,40.8,51.7,34.5
891e24aa633ffff,39.7,55.2,40.6
891e24aa637ffff,34.9,49.5,35.1
891e24aa687ffff,43.0,63.3,52.3
891e24aa697ffff,45.2,62.8,56.7
891e24aa6a3ffff,35.8,54.6,42.9
891e24aa6a7ffff,30.5,49.0,37.8
891e24aa6abffff,40.1,57.5,44.2
891e24aa6afffff,35.0,51.9,38.9
891e24aa6b3ffff,37.4,57.7,47.2
891e24aa6b7ffff,31.8,52.1,42.3
891e24aa6bbffff,41.2,60.3,48.2
891e24aa893ffff,47.5,68.7,58.7
891e24aa89bffff,47.4,67.2,58.9
891e24aa8c3ffff,49.0,65.6,60.9
891e24aa8cbffff,50.7,65.5,62.6
891e24aa8d3ffff,43.9,61.2,55.8
891e24aa8d7ffff,48.0,66.2,59.7
891e24aa8dbffff,45.5,60.8,57.4
891e24aac03ffff,29.5,50.7,40.0
891e24aac07ffff,34.9,55.0,45.1
891e24aac0bffff,28.7,50.4,40.0
891e24aac0fffff,33.7,55.7,44.6
891e24aac13ffff,25.7,45.7,35.7
891e24aac17ffff,31.3,50.2,40.8
891e24aac1bffff,24.3,46.6,35.2
891e24aac23ffff,44.2,64.3,54.5
891e24aac27ffff,49.5,68.9,59.6
891e24aac2bffff,43.1,64.8,54.0
891e24aac2fffff,48.3,69.1,58.9
891e24aac33ffff,40.3,59.5,50.2
891e24aac37ffff,45.8,64.3,55.5
891e24aac3bffff,38.9,59.9,49.5
891e24aac43ffff,24.9,43.3,36.7
891e24aac47ffff,28.9,48.6,40.6
891e24aac4bffff,26.8,42.3,38.6
891e24aac4fffff,30.0,47.4,41.9
891e24aac53ffff,19.8,39.4,31.6
891e24aac57ffff,24.0,44.9,35.6
891e24aac5bffff,21.6,38.0,33.4
891e24aac63ffff,38.1,57.9,49.7
891e24aac67ffff,42.7,63.3,54.1
891e24aac6bffff,38.9,56.8,50.7
891e24aac6fffff,43.0,62.0,54.7
891e24aac73ffff,33.3,54.0,44.8
891e24aac77ffff,38.1,59.5,49.3
891e24aac7bffff,33.8,52.6,45.6
891e24aac83ffff,25.7,40.8,33.3
891e24aac87ffff,31.3,45.8,38.8
891e24aac8bffff,22.5,40.9,31.5
891e24aac8fffff,28.1,45.5,36.9
891e24aac93ffff,24.1,36.4,30.1
891e24aac97ffff,29.5,41.5,35.7
891e24aac9bffff,20.1,36.1,27.7
891e24aaca3ffff,39.4,55.2,47.8
891e24aaca7ffff,45.1,60.3,53.3
891e24aacabffff,36.8,54.8,46.1
891e24aacafffff,42.4,59.7,51.5
891e24aacb3ffff,36.9,50.9,44.4
891e24aacb7ffff,42.5,56.1,50.0
891e24aacbbffff,33.8,50.3,42.3
891e24aacc3ffff,14.9,37.8,25.8
891e24aacc7ffff,20.3,41.6,30.6
891e24aaccbffff,14.7,35.8,26.5
891e24aaccfffff,19.3,41.4,30.7
891e24aacd3ffff,11.3,32.7,21.2
891e24aacd7ffff,16.9,36.6,26.3
891e24aacdbffff,9.9,32.7,21.5
891e24aad93ffff,62.4,73.9,69.6
891e24aad9bffff,59.4,72.1,66.8
891e24aadc3ffff,53.6,69.7,62.4
891e24aadcbffff,51.3,69.1,60.8
891e24aadd3ffff,50.7,65.5,58.9
891e24aadd7ffff,56.3,70.7,64.4
891e24aaddbffff,48.0,64.6,56.9
891e24aae03ffff,39.4,48.6,52.0
891e24aae07ffff,43.1,52.4,54.4
891e24aae0bffff,41.4,50.3,51.6
891e24aae0fffff,44.6,53.7,56.5
891e24aae13ffff,34.2,43.5,47.6
891e24aae17ffff,38.0,47.4,49.3
891e24aae1bffff,36.2,45.1,47.0
891e24aae23ffff,50.2,61.5,61.9
891e24aae27ffff,52.8,65.8,64.6
891e24aae2bffff,53.3,62.5,64.7
891e24aae2fffff,55.4,66.5,67.1
891e24aae33ffff,45.1,56.5,56.7
891e24aae37ffff,47.6,60.9,59.4
891e24aae3bffff,48.1,57.5,59.5
891e24aae43ffff,42.0,50.1,47.5
891e24aae47ffff,44.0,52.6,51.8
891e24aae53ffff,37.0,44.9,42.6
891e24aae57ffff,38.9,47.4,47.0
891e24aae5bffff,40.7,48.1,43.5
891e24aae73ffff,46.6,55.5,56.3
891e24aae77ffff,49.7,58.9,61.0
891e24aae83ffff,28.1,37.5,39.1
891e24aae87ffff,29.6,42.0,41.1
891e24aae8bffff,29.1,38.4,42.6
891e24aae8fffff,33.0,42.4,44.1
891e24aae93ffff,23.2,32.6,34.0
891e24aae97ffff,24.5,37.4,36.0
891e24aae9bffff,24.0,33.3,37.7
891e24aaea3ffff,37.2,51.4,49.0
891e24aaea7ffff,40.3,56.2,52.2
891e24aaeabffff,39.9,51.6,51.5
891e24aaeafffff,42.4,56.1,54.2
891e24aaeb3ffff,32.0,46.8,43.8
891e24aaeb7ffff,35.2,51.7,47.0
891e24aaebbffff,34.8,46.8,46.3
891e24aaec3ffff,28.6,37.0,37.6
891e24aaec7ffff,31.0,39.9,42.6
891e24aaecbffff,32.0,39.8,37.7
891e24aaecfffff,33.7,42.2,42.2
891e24aaed3ffff,23.5,31.8,33.2
891e24aaed7ffff,25.8,34.8,38.3
891e24aaedbffff,27.1,34.7,32.9
891e24b882fffff,51.1,31.6,78.7
891e24b892bffff,44.6,37.1,66.2
891e24b892fffff,41.8,40.8,65.7
891e24b8943ffff,46.7,29.5,73.1
891e24b8947ffff,45.4,30.0,70.8
891e24b894bffff,43.5,25.2,70.5
891e24b894fffff,41.6,25.2,67.9
891e24b895bffff,48.6,30.0,75.7
891e24b8963ffff,40.2,28.7,63.8
891e24b8967ffff,40.6,31.8,62.4
891e24b896bffff,35.8,23.3,60.5
891e24b896fffff,35.9,26.4,58.7
891e24b8973ffff,44.7,31.6,68.8
891e24b8977ffff,44.8,34.0,67.3
891e24b897bffff,40.5,26.4,65.6
891e24b8a27ffff,45.5,29.3,72.2
891e24b8a2fffff,43.5,32.2,69.5
891e24b8b03ffff,31.9,11.7,60.0
891e24b8b07ffff,28.2,8.0,56.2
891e24b8b0bffff,31.4,12.5,59.1
891e24b8b0fffff,26.9,7.1,54.9
891e24b8b13ffff,37.0,16.6,65.1
891e24b8b17ffff,33.3,13.2,61.4
891e24b8b1bffff,36.2,16.5,64.0
891e24b8b23ffff,20.0,5.4,47.6
891e24b8b27ffff,18.2,10.7,44.6
891e24b8b2bffff,17.9,2.4,46.0
891e24b8b2fffff,14.8,7.5,42.4
891e24b8b33ffff,25.1,7.5,52.8
891e24b8b37ffff,23.1,10.5,49.8
891e24b8b3bffff,23.0,2.9,51.1
891e24b8b43ffff,36.9,20.9,63.3
891e24b8b47ffff,31.8,15.3,58.6
891e24b8b4bffff,35.1,24.6,61.9
891e24b8b4fffff,32.4,19.2,58.7
891e24b8b53ffff,41.2,23.7,68.0
891e24b8b57ffff,36.2,18.1,63.4
891e24b8b5bffff,40.3,26.5,67.1
891e24b8b63ffff,22.4,9.3,49.3
891e24b8b67ffff,17.3,6.4,45.0
891e24b8b6bffff,23.9,14.6,49.3
891e24b8b6fffff,18.4,11.5,44.5
891e24b8b73ffff,26.7,9.7,54.2
891e24b8b77ffff,22.1,4.3,49.9
891e24b8b7bffff,27.6,14.0,53.9
891e24b8b83ffff,43.7,23.6,71.7
891e24b8b87ffff,40.7,21.4,68.3
891e24b8b8bffff,42.1,21.7,70.1
891e24b8b8fffff,38.5,18.4,66.5
891e24b8b93ffff,48.9,28.8,76.8
891e24b8b97ffff,45.9,26.5,73.5
891e24b8b9bffff,47.2,26.8,75.2
891e24b8ba3ffff,33.2,16.3,60.2
891e24b8ba7ffff,31.8,18.0,57.5
891e24b8babffff,30.3,11.7,58.0
891e24b8bafffff,28.1,12.7,55.0
891e24b8bb3ffff,38.3,20.6,65.4
891e24b8bb7ffff,36.7,21.2,62.7
891e24b8bbbffff,35.5,16.4,63.2
891e24b8bc3ffff,45.5,25.9,73.2
891e24b8bc7ffff,41.1,21.1,69.0
891e24b8bcbffff,45.6,27.1,72.8
891e24b8bcfffff,40.8,21.7,68.3
891e24b8bd7ffff,46.0,25.8,74.0
891e24b9927ffff,45.5,57.6,61.0
891e24b992fffff,47.9,62.4,61.1
